duration_s,power_w
1,433.0
2,431.5
3,419.66666666666663
4,407.75
5,395.20000000000005
6,383.3333333333333
7,374.42857142857144
8,366.75
9,359.7777777777777
10,353.4
11,347.72727272727275
12,342.1666666666667
13,335.923076923077
14,330.5714285714286
15,328.8666666666666
16,327.9375
17,325.8235294117647
18,324.11111111111114
19,323.1578947368421
20,321.8
21,319.4761904761904
22,316.72727272727275
23,313.95652173913044
24,311.375
25,309.36
26,307.9230769230769
27,306.77777777777777
28,305.82142857142856
29,304.8275862068965
30,303.83333333333337
31,302.5483870967742
32,300.84375
33,299.06060606060606
34,297.55882352941177
35,296.3714285714285
36,295.1111111111111
37,293.7027027027027
38,292.21052631578954
39,290.5641025641026
40,288.94999999999993
41,287.4146341463414
42,285.9523809523811
43,284.72093023255815
44,283.8863636363636
45,283.55555555555566
46,283.3478260869565
47,282.9361702127659
48,282.10416666666663
49,281.0
50,279.84
51,278.88235294117646
52,278.25
53,277.62264150943395
54,276.92592592592587
55,276.2909090909091
56,275.83928571428567
57,275.5438596491228
58,275.24137931034477
59,274.86440677966095
60,274.4333333333333
61,273.9508196721312
62,273.5806451612903
63,273.4285714285715
64,273.25
65,273.0
66,272.7727272727273
67,272.5671641791045
68,272.29411764705884
69,271.82608695652175
70,271.20000000000005
71,270.53521126760563
72,269.8333333333333
73,269.09589041095893
74,268.47297297297297
75,268.16
76,268.0131578947368
77,267.87012987012986
78,267.6666666666666
79,267.30379746835445
80,266.95000000000005
81,266.7283950617284
82,266.7073170731708
83,266.71084337349396
84,266.4642857142858
85,266.1411764705882
86,265.9767441860465
87,265.86206896551727
88,265.69318181818187
89,265.4606741573034
90,265.16666666666674
91,264.967032967033
92,264.8586956521739
93,264.6559139784946
94,264.40425531914894
95,264.17894736842106
96,263.8645833333333
97,263.4742268041237
98,263.2142857142857
99,262.92929292929296
100,262.52000000000004
101,262.1089108910891
102,261.843137254902
103,261.7766990291262
104,261.7788461538462
105,261.75238095238103
106,261.5943396226414
107,261.2429906542055
108,260.8611111111111
109,260.5779816513762
110,260.3363636363635
111,260.0810810810811
112,259.86607142857144
113,259.716814159292
114,259.5614035087719
115,259.3478260869565
116,259.0603448275862
117,258.7521367521367
118,258.49152542372883
119,258.2941176470588
120,258.0416666666667
121,257.65289256198355
122,257.2459016393442
123,256.9105691056911
124,256.66129032258067
125,256.464
126,256.2698412698412
127,256.1496062992126
128,256.0859375
129,255.93798449612402
130,255.70000000000002
131,255.46564885496184
132,255.21212121212125
133,254.93233082706766
134,254.69402985074623
135,254.4814814814815
136,254.2205882352941
137,254.0072992700729
138,253.927536231884
139,253.79856115107918
140,253.57857142857145
141,253.3971631205673
142,253.23943661971833
143,253.01398601398594
144,252.73611111111111
145,252.4758620689655
146,252.23972602739724
147,252.00680272108843
148,251.7837837837838
149,251.56375838926178
150,251.3266666666667
151,251.03973509933766
152,250.76315789473685
153,250.52287581699343
154,250.29870129870136
155,250.14193548387098
156,250.0897435897436
157,250.08280254777068
158,250.06962025316454
159,250.06918238993705
160,250.06875000000002
161,249.9813664596273
162,249.86419753086417
163,249.7730061349693
164,249.62804878048783
165,249.4727272727273
166,249.33734939759034
167,249.24550898203597
168,249.22619047619048
169,249.1538461538461
170,249.00588235294117
171,248.85380116959075
172,248.72674418604652
173,248.6589595375722
174,248.64942528735628
175,248.65714285714284
176,248.70454545454547
177,248.7457627118644
178,248.65168539325845
179,248.5027932960894
180,248.35555555555553
181,248.22651933701655
182,248.20879120879127
183,248.2950819672131
184,248.34239130434787
185,248.3405405405405
186,248.32795698924733
187,248.2994652406417
188,248.26595744680853
189,248.2116402116402
190,248.11052631578943
191,247.95811518324604
192,247.80729166666669
193,247.81347150259072
194,247.96391752577318
195,248.10769230769228
196,248.17857142857142
197,248.2131979695431
198,248.17171717171718
199,248.0603015075377
200,247.995
201,247.97014925373136
202,247.91089108910893
203,247.80788177339903
204,247.6813725490196
205,247.55121951219508
206,247.44660194174753
207,247.41062801932367
208,247.3846153846154
209,247.311004784689
210,247.22857142857143
211,247.1611374407583
212,247.08490566037733
213,246.97183098591552
214,246.85046728971957
215,246.7860465116279
216,246.80092592592595
217,246.77419354838705
218,246.6743119266055
219,246.56621004566205
220,246.4454545454545
221,246.3257918552037
222,246.20270270270268
223,246.06278026905827
224,245.91517857142856
225,245.76000000000002
226,245.6150442477876
227,245.48017621145377
228,245.32894736842104
229,245.14847161572052
230,244.96521739130438
231,244.84848484848484
232,244.7974137931035
233,244.72103004291844
234,244.48717948717953
235,244.17446808510635
236,243.7966101694915
237,243.45147679324896
238,243.41176470588238
239,243.1171548117154
240,242.81666666666666
241,242.22821576763485
242,241.59917355371903
243,240.97119341563786
244,240.3688524590164
245,239.8
246,239.25203252032526
247,238.73279352226723
248,238.26209677419354
249,237.80321285140562
250,237.28400000000002
251,236.70119521912346
252,236.10317460317455
253,235.50592885375494
254,234.9055118110236
255,234.30588235294115
256,233.70703125
257,233.10894941634245
258,232.5
259,231.8918918918919
260,231.3269230769231
261,230.79310344827584
262,230.2862595419847
263,229.80228136882127
264,229.33333333333331
265,228.86792452830187
266,228.3796992481203
267,227.89513108614238
268,227.55597014925365
269,227.2156133828996
270,226.86296296296297
271,226.5239852398524
272,226.2279411764706
273,225.95604395604397
274,225.72627737226276
275,225.49818181818182
276,225.21014492753622
277,224.89169675090255
278,224.56474820143887
279,224.22939068100357
280,223.88928571428576
281,223.55160142348757
282,223.22340425531914
283,222.89752650176686
284,222.57042253521132
285,222.25964912280702
286,221.96853146853144
287,221.67247386759578
288,221.34375
289,221.02076124567475
290,220.73103448275862
291,220.43986254295535
292,220.1267123287671
293,219.81569965870307
294,219.5170068027211
295,219.21355932203392
296,218.89864864864862
297,218.58249158249154
298,218.26845637583892
299,217.9565217391304
300,217.64333333333337
301,217.3355481727575
302,217.0264900662252
303,216.71287128712876
304,216.39144736842104
305,216.07868852459015
306,215.80065359477126
307,215.53745928338762
308,215.25974025974028
309,214.97087378640776
310,214.68064516129033
311,214.38585209003216
312,214.08333333333334
313,213.79552715654947
314,213.5254777070064
315,213.30158730158726
316,213.06012658227843
317,212.77602523659309
318,212.41823899371073
319,212.04388714733545
320,211.70312500000003
321,211.45794392523362
322,211.25776397515526
323,211.0433436532508
324,210.8148148148148
325,210.58769230769232
326,210.35276073619633
327,210.10397553516825
328,209.84756097560972
329,209.61398176291794
330,209.45151515151517
331,209.2809667673715
332,209.06325301204814
333,208.83483483483485
334,208.60479041916167
335,208.4
336,208.19940476190476
337,208.0059347181009
338,207.81065088757393
339,207.62241887905606
340,207.43529411764703
341,207.23460410557186
342,207.02923976608184
343,206.81049562682213
344,206.59302325581393
345,206.44637681159415
346,206.31502890173408
347,206.16138328530258
348,205.96264367816087
349,205.76504297994265
350,205.54571428571424
351,205.32193732193733
352,205.0965909090909
353,204.87535410764875
354,204.66101694915253
355,204.44507042253522
356,204.21629213483146
357,203.9775910364145
358,203.75418994413408
359,203.55988857938715
360,203.36944444444447
361,203.1551246537396
362,202.9281767955801
363,202.7658402203857
364,202.60989010989013
365,202.4301369863013
366,202.21038251366124
367,201.9782016348774
368,201.7445652173913
369,201.51761517615174
370,201.30810810810812
371,201.20485175202157
372,201.1478494623656
373,201.0697050938338
374,200.9171122994652
375,200.74666666666664
376,200.55585106382978
377,200.51724137931026
378,200.34920634920636
379,199.9788918205805
380,199.52894736842106
381,199.05511811023626
382,198.56544502617803
383,198.09138381201046
384,197.57552083333334
385,197.06233766233768
386,196.66321243523325
387,196.27390180878552
388,195.8943298969072
389,195.5321336760925
390,195.17948717948707
391,194.82097186700767
392,194.4566326530612
393,194.0966921119593
394,193.73857868020306
395,193.38481012658224
396,193.510101010101
397,193.6196473551636
398,193.70603015075375
399,193.78696741854637
400,193.8675
401,193.94763092269326
402,194.04477611940294
403,194.1786600496278
404,194.36386138613858
405,194.56049382716046
406,194.73152709359613
407,194.85012285012286
408,194.93137254901958
409,195.00000000000003
410,195.08780487804876
411,195.21167883211675
412,195.33252427184468
413,195.4406779661017
414,195.5531400966184
415,195.6867469879518
416,195.83894230769232
417,195.98800959232616
418,196.1244019138756
419,196.2505966587112
420,196.36666666666667
421,196.49643705463185
422,196.6563981042654
423,196.81087470449168
424,196.95283018867926
425,197.09647058823526
426,197.24178403755872
427,197.37470725995317
428,197.4742990654206
429,197.5454545454546
430,197.60697674418603
431,197.65893271461704
432,197.70138888888889
433,197.7598152424942
434,197.86866359447006
435,198.0045977011494
436,198.13990825688077
437,198.26315789473685
438,198.3561643835616
439,198.44874715261957
440,198.56363636363636
441,198.71428571428575
442,198.8687782805429
443,198.97516930022576
444,199.06531531531536
445,199.18426966292134
446,199.31165919282515
447,199.42729306487698
448,199.52901785714286
449,199.61692650334078
450,199.72222222222223
451,199.84478935698448
452,199.94690265486727
453,200.037527593819
454,200.1321585903084
455,200.2065934065933
456,200.26315789473682
457,200.3457330415755
458,200.42139737991266
459,200.46840958605662
460,200.51304347826093
461,200.58785249457705
462,200.7056277056277
463,200.8380129589633
464,200.9633620689655
465,201.05806451612904
466,201.10729613733906
467,201.14775160599572
468,201.20940170940176
469,201.27931769722812
470,201.34468085106386
471,201.41825902335458
472,201.50635593220338
473,201.59196617336156
474,201.66244725738395
475,201.71368421052628
476,201.75840336134456
477,201.8134171907757
478,201.88284518828445
479,201.9373695198329
480,201.95625
481,201.96881496881497
482,201.99792531120335
483,202.04761904761907
484,202.1095041322314
485,202.17113402061855
486,202.25102880658437
487,202.34496919917865
488,202.41598360655738
489,202.4621676891616
490,202.50816326530617
491,202.54786150712832
492,202.57926829268297
493,202.6206896551724
494,202.66801619433198
495,202.7010101010101
496,202.7459677419355
497,202.82696177062377
498,202.8935742971887
499,202.93386773547093
500,202.984
501,203.03992015968063
502,203.07569721115536
503,203.09542743538768
504,203.11904761904765
505,203.14851485148517
506,203.1778656126482
507,203.20907297830382
508,203.2401574803149
509,203.26522593320237
510,203.27450980392163
511,203.28571428571408
512,203.306640625
513,203.33138401559452
514,203.37548638132304
515,203.4504854368932
516,203.5387596899225
517,203.62475822050288
518,203.71428571428567
519,203.80346820809248
520,203.8653846153846
521,203.91746641074857
522,203.97701149425285
523,204.01912045889102
524,204.05725190839686
525,204.10095238095238
526,204.15779467680613
527,204.23719165085393
528,204.29924242424244
529,204.33648393194707
530,204.37169811320754
531,204.41431261770245
532,204.47556390977442
533,204.55534709193248
534,204.64044943820227
535,204.73831775700936
536,204.8339552238806
537,204.88454376163878
538,204.91635687732338
539,204.94805194805198
540,204.98518518518514
541,205.0591497227356
542,205.1678966789668
543,205.26335174953957
544,205.3419117647059
545,205.4165137614679
546,205.48534798534808
547,205.55210237659963
548,205.61131386861317
549,205.65391621129325
550,205.6781818181818
551,205.70235934664245
552,205.78079710144925
553,205.90958408679927
554,206.03610108303252
555,206.136936936937
556,206.22482014388493
557,206.2854578096948
558,206.32078853046602
559,206.37209302325587
560,206.4375
561,206.49019607843132
562,206.52669039145906
563,206.55417406749558
564,206.5797872340425
565,206.6141592920354
566,206.673144876325
567,206.73544973544972
568,206.7799295774647
569,206.8207381370826
570,206.86666666666665
571,206.90893169877404
572,206.93706293706296
573,206.96160558464226
574,207.00696864111498
575,207.0817391304348
576,207.140625
577,207.17157712305024
578,207.19896193771626
579,207.2210708117444
580,207.24310344827586
581,207.263339070568
582,207.2766323024056
583,207.28644939965693
584,207.29280821917806
585,207.30256410256422
586,207.31569965870307
587,207.3219761499149
588,207.31632653061226
589,207.30899830220713
590,207.3271186440678
591,207.3705583756345
592,207.40371621621622
593,207.3962900505902
594,207.36700336700335
595,207.27899159663878
596,207.20637583892616
597,207.19430485762146
598,207.18729096989966
599,207.13021702838063
600,207.04166666666666
601,206.97171381031612
602,206.88205980066448
603,206.75456053067992
604,206.5927152317881
605,206.40991735537185
606,206.2128712871287
607,206.00823723228996
608,205.80263157894737
609,205.59770114942532
610,205.39180327868854
611,205.1849427168576
612,204.97712418300654
613,204.7667210440457
614,204.55211726384368
615,204.33658536585364
616,204.12662337662337
617,203.9222042139384
618,203.71844660194176
619,203.51534733441036
620,203.31290322580645
621,203.11111111111106
622,202.90836012861735
623,202.70465489566612
624,202.49839743589743
625,202.288
626,202.07507987220444
627,201.86124401913878
628,201.6512738853503
629,201.44515103338637
630,201.2428571428572
631,201.06022187004749
632,200.8607594936709
633,200.65560821484993
634,200.46056782334384
635,200.27401574803153
636,200.0896226415094
637,199.90580847723706
638,199.7241379310345
639,199.5399061032864
640,199.353125
641,199.19188767550702
642,199.08566978193147
643,198.97822706065318
644,198.87422360248448
645,198.7813953488372
646,198.68885448916407
647,198.58268933539412
648,198.4722222222222
649,198.37442218798148
650,198.2784615384615
651,198.17357910906298
652,198.06748466257665
653,197.96477794793262
654,197.86085626911319
655,197.75725190839697
656,197.64786585365854
657,197.53729071537285
658,197.42705167173253
659,197.31714719271622
660,197.2060606060606
661,197.09682299546145
662,196.98640483383684
663,196.87330316742091
664,196.75602409638552
665,196.64360902255635
666,196.55105105105108
667,196.45127436281862
668,196.35179640718565
669,196.24663677130044
670,196.14029850746266
671,196.03129657228016
672,195.91815476190476
673,195.81129271916797
674,195.7210682492582
675,195.64444444444445
676,195.54733727810648
677,195.44017725258496
678,195.29793510324484
679,195.1472754050074
680,195.01176470588234
681,194.93098384728341
682,194.86070381231673
683,194.78330893118604
684,194.6988304093567
685,194.61021897810213
686,194.5160349854228
687,194.4206695778748
688,194.32122093023256
689,194.24238026124814
690,194.18695652173918
691,194.12735166425466
692,194.03901734104045
693,193.94949494949495
694,193.8674351585014
695,193.78992805755396
696,193.7140804597701
697,193.64131994261123
698,193.56733524355298
699,193.4964234620887
700,193.42571428571432
701,193.3480741797432
702,193.26068376068378
703,193.17069701280226
704,193.09375
705,193.04113475177306
706,192.99575070821527
707,192.93917963224894
708,192.86016949152543
709,192.77150916784205
710,192.68169014084506
711,192.58931082981712
712,192.4957865168539
713,192.40392706872368
714,192.31512605042025
715,192.22517482517478
716,192.12849162011176
717,192.02649930264997
718,191.93732590529245
719,191.85813630041724
720,191.77222222222224
721,191.68099861303745
722,191.5831024930748
723,191.52697095435693
724,191.46408839779008
725,191.3793103448276
726,191.28374655647386
727,191.181568088033
728,191.07829670329664
729,190.97805212620017
730,190.8958904109589
731,190.85772913816692
732,190.8428961748634
733,190.81718963165076
734,190.75340599455035
735,190.67074829931965
736,190.59646739130434
737,190.59023066485753
738,190.5081300813008
739,190.30581867388364
740,190.0554054054054
741,189.79892037786774
742,189.54312668463612
743,189.28802153432036
744,189.03360215053766
745,188.7798657718121
746,188.57238605898127
747,188.38286479250348
748,188.21390374331548
749,188.0747663551402
750,187.94133333333338
751,187.7962716378163
752,187.66622340425528
753,187.74634794156708
754,187.83687002652516
755,187.9205298013245
756,187.99338624338623
757,188.0581241743725
758,188.12137203166225
759,188.17391304347825
760,188.22368421052633
761,188.2733245729304
762,188.3228346456693
763,188.39711664482306
764,188.50261780104714
765,188.61437908496728
766,188.7127937336815
767,188.7835723598435
768,188.84505208333331
769,188.8959687906372
770,188.94025974025973
771,189.0077821011673
772,189.08031088082905
773,189.1461836998707
774,189.21447028423773
775,189.29419354838709
776,189.38402061855666
777,189.47232947232945
778,189.55398457583547
779,189.63029525032093
780,189.70128205128202
781,189.77976952624834
782,189.87468030690542
783,189.9667943805875
784,190.05229591836735
785,190.13885350318475
786,190.22646310432566
787,190.30749682337992
788,190.37055837563446
789,190.4283903675539
790,190.47594936708862
791,190.51833122629583
792,190.55555555555551
793,190.58764186633042
794,190.63979848866506
795,190.7232704402516
796,190.80653266331663
797,190.88331242158088
798,190.94360902255642
799,191.00375469336666
800,191.07625000000002
801,191.1685393258427
802,191.2630922693267
803,191.3312577833126
804,191.39054726368158
805,191.46583850931677
806,191.54590570719597
807,191.61957868649324
808,191.68564356435644
809,191.74412855377014
810,191.81234567901234
811,191.8902589395808
812,191.95689655172418
813,192.01722017220172
814,192.0798525798526
815,192.1337423312884
816,192.18504901960785
817,192.22888616891063
818,192.28239608801957
819,192.33455433455433
820,192.37073170731702
821,192.40560292326438
822,192.48053527980537
823,192.56500607533414
824,192.64563106796115
825,192.70909090909095
826,192.76150121065376
827,192.79927448609428
828,192.83212560386468
829,192.87696019300364
830,192.92650602409634
831,192.9735258724429
832,193.03365384615384
833,193.0924369747899
834,193.14388489208633
835,193.19401197604793
836,193.23325358851665
837,193.26881720430106
838,193.31026252983295
839,193.3599523241954
840,193.4011904761905
841,193.42211652794293
842,193.43942992874113
843,193.46619217081854
844,193.5047393364928
845,193.55029585798812
846,193.6016548463356
847,193.66587957497052
848,193.71698113207543
849,193.7667844522969
850,193.80352941176469
851,193.84018801410107
852,193.8732394366197
853,193.9015240328252
854,193.93559718969556
855,193.9824561403509
856,194.036214953271
857,194.0851808634772
858,194.12237762237766
859,194.15250291036088
860,194.1872093023256
861,194.24274099883857
862,194.2981438515081
863,194.34067207415984
864,194.38888888888889
865,194.43121387283236
866,194.45496535796764
867,194.47058823529412
868,194.48732718894004
869,194.50978135788262
870,194.53793103448277
871,194.56716417910448
872,194.59977064220186
873,194.63917525773198
874,194.68077803203664
875,194.71314285714288
876,194.73858447488587
877,194.78677309007986
878,194.86674259681092
879,194.9453924914676
880,195.00113636363636
881,195.03972758229284
882,195.08163265306126
883,195.13250283125706
884,195.185520361991
885,195.23615819209047
886,195.27539503386006
887,195.30890642615554
888,195.34909909909908
889,195.39595050618675
890,195.44606741573048
891,195.4927048260382
892,195.54820627802692
893,195.6035834266517
894,195.6476510067114
895,195.70167597765357
896,195.76785714285714
897,195.82385730211814
898,195.8674832962139
899,195.908787541713
900,195.9511111111111
901,196.00443951165377
902,196.06762749445676
903,196.12956810631226
904,196.1902654867257
905,196.24530386740335
906,196.29580573951432
907,196.3395810363837
908,196.38215859030845
909,196.43894389438944
910,196.49230769230763
911,196.5290889132821
912,196.5701754385965
913,196.61226725082145
914,196.6487964989059
915,196.68196721311477
916,196.70851528384276
917,196.7459105779717
918,196.79738562091507
919,196.84439608269852
920,196.88478260869564
921,196.9250814332247
922,196.96637744034717
923,197.00541711809313
924,197.03787878787878
925,197.05837837837834
926,197.07883369330457
927,197.11003236245952
928,197.14224137931035
929,197.17976318622172
930,197.21505376344084
931,197.2534908700322
932,197.28969957081543
933,197.3172561629153
934,197.34261241970023
935,197.39572192513376
936,197.44230769230768
937,197.48345784418368
938,197.51279317697222
939,197.53993610223645
940,197.56382978723403
941,197.5876726886291
942,197.61040339702762
943,197.62884411452814
944,197.6451271186441
945,197.65925925925927
946,197.69978858350956
947,197.73706441393873
948,197.76687763713082
949,197.8008429926238
950,197.82631578947365
951,197.84437434279704
952,197.85504201680672
953,197.86044071353624
954,197.85744234800836
955,197.87120418848173
956,197.89539748953968
957,197.90073145245552
958,197.89561586638828
959,197.84984358706984
960,197.81562499999998
961,197.76899063475548
962,197.71829521829528
963,197.64797507788157
964,197.5560165975104
965,197.45077720207257
966,197.3457556935818
967,197.23164426059984
968,197.13636363636363
969,197.06914344685234
970,196.9989690721649
971,196.9237899073121
972,196.85185185185188
973,196.7893114080164
974,196.73203285420948
975,196.67999999999998
976,196.65881147540983
977,196.6345957011259
978,196.6053169734152
979,196.5434116445353
980,196.4663265306123
981,196.38939857288483
982,196.32586558044804
983,196.2787385554425
984,196.24085365853662
985,196.1959390862944
986,196.1399594320487
987,196.081053698075
988,196.02024291497978
989,195.95551061678464
990,195.89090909090913
991,195.83451059535827
992,195.78427419354838
993,195.7401812688822
994,195.70724346076457
995,195.67437185929649
996,195.62449799196787
997,195.56268806419254
998,195.49799599198394
999,195.43143143143138
1000,195.36500000000007
1001,195.30069930069934
1002,195.23652694610777
1003,195.17148554336995
1004,195.10856573705175
1005,195.052736318408
1006,194.99701789264412
1007,194.92949354518367
1008,194.86309523809524
1009,194.8057482656095
1010,194.74752475247524
1011,194.68249258160233
1012,194.61758893280629
1013,194.55577492596234
1014,194.49211045364893
1015,194.42463054187192
1016,194.35629921259834
1017,194.2881022615536
1018,194.2200392927308
1019,194.1511285574092
1020,194.0833333333333
1021,194.0146914789422
1022,193.94422700587089
1023,193.87096774193552
1024,193.7998046875
1025,193.7385365853658
1026,193.6812865497076
1027,193.61927945472254
1028,193.55350194552528
1029,193.48688046647231
1030,193.41844660194175
1031,193.34723569350146
1032,193.28003875968994
1033,193.21781219748306
1034,193.1624758220503
1035,193.11497584541064
1036,193.04729729729726
1037,192.95660559305693
1038,192.8603082851638
1039,192.7738209817132
1040,192.71153846153845
1041,192.6628242074928
1042,192.6190019193858
1043,192.5704697986577
1044,192.51724137931032
1045,192.46124401913872
1046,192.4005736137667
1047,192.33715377268388
1048,192.27767175572518
1049,192.2278360343184
1050,192.19333333333336
1051,192.1560418648906
1052,192.09980988593156
1053,192.04273504273507
1054,191.99051233396582
1055,191.94123222748814
1056,191.89299242424244
1057,191.84673604541152
1058,191.79962192816632
1059,191.75448536355057
1060,191.70943396226411
1061,191.6597549481621
1062,191.6035781544256
1063,191.5437441204139
1064,191.49624060150373
1065,191.46291079812204
1066,191.43433395872418
1067,191.398313027179
1068,191.3473782771535
1069,191.28905519176794
1070,191.22897196261684
1071,191.1680672268906
1072,191.10820895522386
1073,191.0503261882572
1074,190.99162011173183
1075,190.92837209302323
1076,190.86152416356876
1077,190.7994428969359
1078,190.7467532467533
1079,190.6950880444857
1080,190.63518518518515
1081,190.5707678075855
1082,190.5147874306838
1083,190.47830101569716
1084,190.4372693726937
1085,190.37419354838713
1086,190.30662983425415
1087,190.23827046918123
1088,190.171875
1089,190.11019283746558
1090,190.06238532110092
1091,190.04399633363892
1092,190.0283882783883
1093,190.01189387008236
1094,189.96983546617912
1095,189.91232876712326
1096,189.87773722627736
1097,189.86235186873296
1098,189.76320582877958
1099,189.61965423111923
1100,189.45818181818183
1101,189.28882833787463
1102,189.11796733212344
1103,188.95648232094288
1104,188.80615942028982
1105,188.66153846153833
1106,188.52441229656415
1107,188.39747064137308
1108,188.2743682310468
1109,188.14878268710552
1110,188.0225225225225
1111,187.90099009900993
1112,187.78507194244605
1113,187.67026055705304
1114,187.55565529622982
1115,187.44304932735423
1116,187.33243727598563
1117,187.2193375111907
1118,187.10375670840787
1119,186.99195710455766
1120,186.88214285714287
1121,186.7734165923283
1122,186.66399286987522
1123,186.55476402493323
1124,186.4457295373666
1125,186.3368888888889
1126,186.22824156305512
1127,186.1597160603372
1128,186.21542553191492
1129,186.27546501328604
1130,186.32920353982297
1131,186.3784261715296
1132,186.4196113074204
1133,186.46160635481027
1134,186.50793650793653
1135,186.55506607929516
1136,186.59859154929578
1137,186.63324538258578
1138,186.66695957820735
1139,186.70237050043895
1140,186.75877192982458
1141,186.8141980718668
1142,186.87215411558665
1143,186.93525809273848
1144,187.00611888111894
1145,187.0829694323144
1146,187.1535776614311
1147,187.22406277244986
1148,187.29442508710795
1149,187.35596170583128
1150,187.4069565217391
1151,187.45873153779314
1152,187.52256944444446
1153,187.59150043365133
1154,187.6568457538995
1155,187.71168831168833
1156,187.75692041522495
1157,187.79948141745896
1158,187.84196891191718
1159,187.8843830888697
1160,187.928448275862
1161,187.9793281653747
1162,188.0327022375215
1163,188.08684436801377
1164,188.14432989690727
1165,188.20000000000002
1166,188.24957118353342
1167,188.29820051413876
1168,188.34246575342462
1169,188.38323353293416
1170,188.41880341880326
1171,188.46114432109306
1172,188.51365187713313
1173,188.56436487638535
1174,188.6166950596252
1175,188.668085106383
1176,188.71428571428578
1177,188.75446049277824
1178,188.79456706281832
1179,188.8303647158609
1180,188.8618644067796
1181,188.89500423370023
1182,188.92470389170902
1183,188.95266272189343
1184,188.9890202702703
1185,189.02869198312231
1186,189.08010118043845
1187,189.1280539174389
1188,189.16750841750843
1189,189.2035323801514
1190,189.23361344537798
1191,189.26784214945417
1192,189.31711409395973
1193,189.36714165968144
1194,189.40787269681744
1195,189.44686192468623
1196,189.47742474916384
1197,189.50459482038434
1198,189.53505843071784
1199,189.580483736447
1200,189.645
1201,189.7135720233139
1202,189.7745424292846
1203,189.8270989193682
1204,189.8762458471761
1205,189.92531120331932
1206,189.97761194029852
1207,190.036454018227
1208,190.09519867549665
1209,190.14805624483043
1210,190.19917355371896
1211,190.25185796862104
1212,190.29867986798686
1213,190.33635614179727
1214,190.3714991762768
1215,190.40987654320992
1216,190.45065789473682
1217,190.48808545603944
1218,190.5254515599343
1219,190.55455291222313
1220,190.57868852459018
1221,190.6109746109746
1222,190.65302782324062
1223,190.6901062959934
1224,190.72303921568627
1225,190.76
1226,190.7928221859706
1227,190.8125509372453
1228,190.82654723127033
1229,190.84133441822624
1230,190.86016260162597
1231,190.8830219333875
1232,190.90665584415586
1233,190.93268450932692
1234,190.96353322528364
1235,190.99595141700405
1236,191.02184466019415
1237,191.0436540016168
1238,191.10339256865913
1239,191.16222760290555
1240,191.2048387096774
1241,191.24093473005644
1242,191.27133655394533
1243,191.30732099758646
1244,191.3480707395498
1245,191.38714859437755
1246,191.42295345104336
1247,191.45388933440253
1248,191.48076923076923
1249,191.51321056845478
1250,191.552
1251,191.5883293365308
1252,191.63099041533548
1253,191.67358339984034
1254,191.70893141945766
1255,191.74980079681276
1256,191.80015923566881
1257,191.84327764518704
1258,191.8783783783784
1259,191.91262907069105
1260,191.9452380952381
1261,191.98493259317988
1262,192.03328050713162
1263,192.08076009501195
1264,192.12737341772151
1265,192.16996047430828
1266,192.20932069510266
1267,192.24388318863453
1268,192.27839116719244
1269,192.32151300236413
1270,192.36299212598425
1271,192.39732494099133
1272,192.42688679245285
1273,192.45954438334638
1274,192.49293563579278
1275,192.5223529411765
1276,192.54937304075236
1277,192.57165231010177
1278,192.60798122065728
1279,192.64503518373724
1280,192.67890624999998
1281,192.71116315378615
1282,192.7433697347894
1283,192.77630553390495
1284,192.8076323987539
1285,192.834241245136
1286,192.8522550544324
1287,192.87024087024088
1288,192.89596273291923
1289,192.9208688906128
1290,192.93953488372094
1291,192.95739736638262
1292,192.9798761609907
1293,193.00696055684458
1294,193.03400309119004
1295,193.06332046332042
1296,193.0949074074074
1297,193.13261372397844
1298,193.16563944530046
1299,193.19861431870672
1300,193.2238461538461
1301,193.24212144504224
1302,193.25115207373273
1303,193.25863392171914
1304,193.27377300613492
1305,193.3095785440613
1306,193.35145482388978
1307,193.38408569242543
1308,193.41437308868495
1309,193.43926661573718
1310,193.46717557251907
1311,193.48893974065598
1312,193.50533536585365
1313,193.5163747143945
1314,193.51750380517504
1315,193.52015209125472
1316,193.53799392097264
1317,193.55884586180716
1318,193.55842185128986
1319,193.52463987869598
1320,193.4901515151515
1321,193.44890234670703
1322,193.4084720121028
1323,193.36583522297812
1324,193.32326283987908
1325,193.28
1326,193.2352941176469
1327,193.1876412961568
1328,193.14006024096386
1329,193.09405568096315
1330,193.04586466165412
1331,192.99398948159285
1332,192.94444444444443
1333,192.90172543135787
1334,192.86281859070462
1335,192.83970037453184
1336,192.8330838323354
1337,192.8145100972326
1338,192.78176382660686
1339,192.73935772964902
1340,192.68582089552237
1341,192.63236390753164
1342,192.58941877794334
1343,192.56440804169767
1344,192.53422619047618
1345,192.50185873605952
1346,192.46359583952432
1347,192.42316258351894
1348,192.38130563798217
1349,192.3365455893254
1350,192.29185185185185
1351,192.25314581791267
1352,192.2211538461539
1353,192.19955654101997
1354,192.17799113737075
1355,192.14612546125457
1356,192.1120943952802
1357,192.069270449521
1358,192.02430044182603
1359,191.9779249448124
1360,191.93161764705877
1361,191.88684790595147
1362,191.84214390602054
1363,191.79677182685256
1364,191.75293255131965
1365,191.71428571428552
1366,191.67569546120058
1367,191.6283833211412
1368,191.5818713450291
1369,191.5420014609204
1370,191.50145985401457
1371,191.45587162654996
1372,191.41034985422743
1373,191.367079388201
1374,191.32241630276567
1375,191.2749090909091
1376,191.22674418604652
1377,191.17864923747277
1378,191.13062409288824
1379,191.08194343727342
1380,191.03405797101453
1381,190.98551774076756
1382,190.93560057887117
1383,190.883586406363
1384,190.83309248554914
1385,190.78989169675097
1386,190.74963924963927
1387,190.70583994232155
1388,190.65922190201732
1389,190.61195104391646
1390,190.56330935251796
1391,190.51258087706682
1392,190.46479885057474
1393,190.42067480258433
1394,190.38163558106172
1395,190.34838709677413
1396,190.30014326647563
1397,190.23478883321403
1398,190.16738197424894
1399,190.10293066476052
1400,190.05857142857147
1401,190.02426837972877
1402,189.99358059914408
1403,189.9593727726301
1404,189.9216524216524
1405,189.8818505338078
1406,189.83854907539117
1407,189.79317697228146
1408,189.75071022727272
1409,189.7203690560681
1410,189.69432624113477
1411,189.66548547129693
1412,189.62535410764866
1413,189.5845718329795
1414,189.54738330975957
1415,189.51236749116606
1416,189.47810734463275
1417,189.4453069865914
1418,189.41184767277855
1419,189.37984496124034
1420,189.3478873239437
1421,189.31245601688948
1422,189.27215189873417
1423,189.22909346451158
1424,189.2001404494382
1425,189.18035087719298
1426,189.15497896213188
1427,189.12683952347578
1428,189.0903361344538
1429,189.04828551434568
1430,189.0048951048951
1431,188.96086652690425
1432,188.91759776536313
1433,188.87578506629444
1434,188.8333333333334
1435,188.78745644599297
1436,188.73885793871872
1437,188.69380654140573
1438,188.65577190542416
1439,188.6184850590688
1440,188.575
1441,188.52810548230394
1442,188.48890429958394
1443,188.4615384615384
1444,188.4321329639889
1445,188.38615916955018
1446,188.33679114799435
1447,188.28680027643404
1448,188.23825966850828
1449,188.19323671497588
1450,188.16827586206892
1451,188.16264645072368
1452,188.15151515151513
1453,188.12456985547146
1454,188.09422283356258
1455,188.05223367697582
1456,188.04395604395603
1457,188.01715854495535
1458,187.95404663923182
1459,187.86360520904736
1460,187.7616438356165
1461,187.65229295003417
1462,187.5410396716826
1463,187.43198906356804
1464,187.3312841530054
1465,187.24368600682593
1466,187.15961800818562
1467,187.06612133605995
1468,186.96594005449595
1469,186.86385296119815
1470,186.76666666666668
1471,186.6764106050305
1472,186.59850543478257
1473,186.52749490835032
1474,186.44233378561736
1475,186.34372881355932
1476,186.2445799457994
1477,186.14895057549086
1478,186.05953991880918
1479,185.97701149425288
1480,185.89932432432434
1481,185.8224172856179
1482,185.74156545209178
1483,185.65745111260958
1484,185.57345013477092
1485,185.49090909090918
1486,185.4118438761777
1487,185.3362474781439
1488,185.26478494623655
1489,185.19140362659502
1490,185.11140939597314
1491,185.02883970489606
1492,184.95174262734582
1493,184.881446751507
1494,184.80522088353413
1495,184.71705685618724
1496,184.63101604278071
1497,184.55310621242486
1498,184.47730307076105
1499,184.4022681787859
1500,184.3246666666667
1501,184.24383744170555
1502,184.16178428761657
1503,184.08050565535595
1504,184.001329787234
1505,183.92292358803988
1506,183.84462151394428
1507,183.76443264764427
1508,183.67904509283824
1509,183.59178263750832
1510,183.50596026490066
1511,183.42422236929187
1512,183.3465608465608
1513,183.26900198281555
1514,183.1842800528401
1515,183.09306930693066
1516,183.00197889182056
1517,182.914963744232
1518,182.83333333333337
1519,182.7511520737326
1520,182.66250000000002
1521,182.5700197238659
1522,182.47897503285154
1523,182.39067629678266
1524,182.30380577427815
1525,182.2157377049181
1526,182.12581913499346
1527,182.03536345776035
1528,181.9456806282723
1529,181.85480706344023
1530,181.76143790849662
1531,181.66688438928804
1532,181.57310704960838
1533,181.48010437051533
1534,181.38787483702743
1535,181.29706840390887
1536,181.208984375
1537,181.12296681847758
1538,181.0383615084525
1539,180.95451591942825
1540,180.87272727272727
1541,180.79428942245292
1542,180.7178988326847
1543,180.64095917044713
1544,180.56411917098444
1545,180.49126213592237
1546,180.42432082794312
1547,180.36457659987065
1548,180.30813953488365
1549,180.24919302776
1550,180.19096774193545
1551,180.13281753707295
1552,180.07603092783506
1553,180.0160978750805
1554,179.95045045045046
1555,179.88295819935695
1556,179.81426735218506
1557,179.74502247912653
1558,179.67522464698325
1559,179.60487491982036
1560,179.53205128205138
1561,179.4561178731582
1562,179.37964148527527
1563,179.30454254638516
1564,179.2308184143222
1565,179.15782747603834
1566,179.08492975734356
1567,179.01212507977027
1568,178.93941326530611
1569,178.86615678776292
1570,178.79299363057333
1571,178.71928707829406
1572,178.64440203562344
1573,178.56897647806744
1574,178.49301143583224
1575,178.41841269841265
1576,178.34644670050758
1577,178.27837666455292
1578,178.21292775665395
1579,178.1462951234959
1580,178.07721518987344
1581,178.00506008855143
1582,177.93109987357772
1583,177.85786481364502
1584,177.78472222222217
1585,177.71167192429024
1586,177.63871374527113
1587,177.5664776307499
1588,177.4987405541561
1589,177.44178728760227
1590,177.39937106918245
1591,177.35952231301064
1592,177.31407035175877
1593,177.26867545511612
1594,177.22271016311169
1595,177.16990595611296
1596,177.10902255639098
1597,177.04070131496556
1598,176.96996245306624
1599,176.901813633521
1600,176.83499999999998
1601,176.76889444097438
1602,176.70287141073658
1603,176.63630692451653
1604,176.56857855361588
1605,176.49844236760129
1606,176.42528019925285
1607,176.35158680771616
1608,176.27798507462688
1609,176.2050963331262
1610,176.1329192546584
1611,176.06331471135948
1612,175.9962779156327
1613,175.92870427774346
1614,175.859355638166
1615,175.7894736842106
1616,175.72029702970298
1617,175.6518243661101
1618,175.58405438813352
1619,175.51636812847437
1620,175.44876543209878
1621,175.38186304750147
1622,175.3168927250308
1623,175.25200246457177
1624,175.18657635467991
1625,175.12061538461538
1626,175.0541205412054
1627,174.98709280885063
1628,174.91953316953317
1629,174.8526703499078
1630,174.78650306748452
1631,174.71673819742486
1632,174.64338235294116
1633,174.56889161053277
1634,174.49510403916767
1635,174.42140672782884
1636,174.3484107579462
1637,174.2755039706781
1638,174.20207570207563
1639,174.1287370347773
1640,174.055487804878
1641,173.9823278488726
1642,173.91047503045053
1643,173.83931832014605
1644,173.76642335766425
1645,173.69118541033438
1646,173.61543134872423
1647,173.54037644201586
1648,173.4666262135922
1649,173.3953911461491
1650,173.32787878787877
1651,173.26165960024227
1652,173.19430992736076
1653,173.1252268602541
1654,173.0550181378476
1655,172.98429003021147
1656,172.91304347826085
1657,172.84067592033813
1658,172.76839565741858
1659,172.69680530440024
1660,172.62590361445783
1661,172.55508729680915
1662,172.4837545126354
1663,172.41190619362598
1664,172.3395432692308
1665,172.26906906906908
1666,172.20228091236496
1667,172.1367726454709
1668,172.06954436450837
1669,171.99999999999997
1670,171.93173652694605
1671,171.8653500897666
1672,171.79964114832535
1673,171.73341303048417
1674,171.67025089605735
1675,171.6089552238806
1676,171.54355608591888
1677,171.4728682170542
1678,171.40226460071517
1679,171.33353186420487
1680,171.26428571428573
1681,171.1939321832243
1682,171.12306777645657
1683,171.05228758169935
1684,170.98159144893117
1685,170.9109792284866
1686,170.8404507710557
1687,170.76941315945461
1688,170.69549763033172
1689,170.61634103019534
1690,170.5355029585799
1691,170.455351862803
1692,170.37884160756494
1693,170.30478440637916
1694,170.23140495867762
1695,170.15575221238936
1696,170.07429245283024
1697,169.9846788450206
1698,169.8875147232038
1699,169.78752207180696
1700,169.68764705882353
1701,169.58788947677837
1702,169.48824911868388
1703,169.38872577803875
1704,169.2893192488263
1705,169.19002932551322
1706,169.090855803048
1707,168.99179847686003
1708,168.89285714285722
1709,168.79403159742543
1710,168.6953216374269
1711,168.5967270601987
1712,168.49824766355138
1713,168.39988324576768
1714,168.30163360560095
1715,168.20349854227405
1716,168.10547785547786
1717,168.00757134536988
1718,167.90977881257274
1719,167.81210005817337
1720,167.71453488372094
1721,167.61708309122602
1722,167.51974448315914
1723,167.42251886244918
1724,167.32540603248256
1725,167.2284057971015
1726,167.1315179606026
1727,167.03474232773596
1728,166.9380787037037
1729,166.84152689415848
1730,166.74508670520234
1731,166.64875794338533
1732,166.5525404157044
1733,166.45643392960184
1734,166.36043829296426
1735,166.264553314121
1736,166.16877880184327
1737,166.07311456534254
1738,165.9775604142693
1739,165.88211615871194
1740,165.78678160919543
1741,165.69155657668006
1742,165.5964408725603
1743,165.5014343086632
1744,165.4065366972477
1745,165.31174785100288
1746,165.2170675830469
1747,165.12249570692614
1748,165.0280320366133
1749,164.93367638650662
1750,164.83942857142864
1751,164.76356367789836
1752,164.6992009132419
1753,164.63491158014833
1754,164.57069555302164
1755,164.50655270655264
1756,164.44248291571765
1757,164.3779169038133
1758,164.31058020477803
1759,164.23820352472998
1760,164.16420454545454
1761,164.09085746734814
1762,164.0209988649262
1763,163.95348837209298
1764,163.88662131519274
1765,163.81756373937677
1766,163.74292185730465
1767,163.66044142614604
1768,163.5707013574662
1769,163.47823629169017
1770,163.3858757062147
1771,163.29361942405419
1772,163.20146726862302
1773,163.10941906373378
1774,163.01747463359644
1775,162.9256338028169
1776,162.8338963963964
1777,162.74226223972988
1778,162.65073115860523
1779,162.55930297920185
1780,162.46797752808988
1781,162.3767546322291
1782,162.28563411896747
1783,162.19461581604037
1784,162.10369955156955
1785,162.01288515406148
1786,161.92217245240764
1787,161.83156127588137
1788,161.74105145413873
1789,161.65064281721635
1790,161.56033519553077
1791,161.47012841987717
1792,161.38002232142856
1793,161.2900167317345
1794,161.2001114827202
1795,161.11030640668525
1796,161.02060133630286
1797,160.9309961046188
1798,160.84149054505005
1799,160.75208449138398
1800,160.66277777777776
1801,160.5735702387563
1802,160.48446170921198
1803,160.39545202440388
